title,description
Throwbacks,
Awesome Playlist,
korean ,
mat,
90s,
Wedding,
I Put A Spell On You,
2017,
BOP,
old country ,
abby ,
VIBE,
relax,
sleep,
90's ,
New Songs,
slow hands,
Mom's playlist,
SARAH,
melancholy,
mixtape,
Sad Songs,
fall '17,
‚úîÔ∏è,
Twenty one pilots,
run it,
Winter 2014,
smooth ,
Yeet,
groovy,
Garage Rock,
Running 2.0,
acoustic,
morning,
good good,
Good Vibes,
 indie rock,
Hits,
tb,
Country,
2020,
Belters,
Road Trippin',
Country,
taylor swift,
angst,
Running 2,
Spring 2016,
Country,
Gospel,
SB,
Kevin,
Christmas,
NB,
Smooth Jazz,
Tennessee ,
funky,
spring 16,
Gates,
Favorite Songs,
Ski,
Country,
hype,
Awesome Mix,
Elizabeth,
PlayStation,
Ashley,
chill,
xx,
art class,
Random Tunes,
boat,
spanish jams,
new,
CR,
Run!!,
winter '17,
Workout,
Traps ,
Dope,
Chill,
rap,
Gospel,
Florida,
Workout2,
Gym,
Zoned,
relax,
KPOP,
80's,
For the Road,
R & B,
Tom Petty,
Catchy Songs,
relax,chilllll out
roadtrippin,
christmas,
2012,
Dave,
bang bang. ,
Disneyland,
#boostyourrun,
LUV,uzi
latin,
JAMS,
~Rando~,
Party Rock!!,
party people,
The Piano Guys,
Worship,
Brasileiras,
country,
4/20,
2016,
Willie,
beach,
Gold Digger,
Fall 2015,
dance it out,
greek,
All the songs,
Kyle,
HALLOWEEN,
w o r k o u t,
party music,
summer,
XXXMas,
BBG,
bae,
oldies,
its lit,
go to,
Killin' It,
October 2017,
Rap/Pop,
1990's ,
Rap,
GUACAMOLE,
14,
That New New,
Relaxing,
sleep,
Get It!,
bumps,
picks,
ü§òüèº,
Mashup,
Ladies,
Alt Jams,
Reggae/Ska,
Top hits,
jazzy ,
Pop,
Emotional,
Fall,
ouch,
Love Music,
Bang Bang ,
Solitude,
feels,
Silence,
English ,
Blues,
pump,
volleyball playlist ,
september ,
motown,
folky,
Rock alternativo,
Summer Chill,
Rap Classics,
My favs,
motivational ,
Up Beat,
Wes Anderson,
Love,
basic,
Another,
LIT!!!!!!!,
YEET,
ü§§ü§§,
Summer Playlist,
high,
Music,
Chill Alternative,
feelz,
Alexia,
Mellow.,
Britt,
Christian Songs,
Kendrick Lamar ,
jesus jams,
Daddy Issues,
üî•üî•üî•üî•,
sb2k17,
Dance,
2013,
Spring16,
soul,
Best Songs of 2016,
Ladies,
Love ,
Cash,
#Workout,
guitar.,
running ,
Shower,
Saturn,
Christmas music,
Bus playlist,
Xmas,
My music,
Latino,
Mumford & Sons,
This Is What You Came For,
On the Run,
Prayer,
my country,
party playlist,
Funky,
Musicals,
Relax,
Wedding,
classics,
Peace,
Volleyball,
Madness,
ride,
before my time,
reggae,
Summer of love,
Everything,
Hits,
shower ,
RUNNIN,
My happy place,
90s hits,
Old songs,
Korean,
Go to ,
Way Up,
Tegan and Sara,
Atlas,
Elisa,
Country,
90s,
eurotrip,
Mine,
Christmas 2016,
Summer,
TBT,
beachy,
country,
Drank,
Trip,
Christmas Mix,
TOP,
rap god,
#Relaxed,
blue grass,
brad paisley ,
summer16,
throwback,
love,
DA,
SUMMER 2k17,
Awesome mix vol. 1,
POP,
Road Trip Mix,
Indie,
Corridos,
Mr. Brightside,
shower,
workout,
old people,
FUN,
üòçüòç,
Hockey,
dank memes,
üéµüéµ,
Legendary,
mayer,
Game Time,
car tunes,
lit,
wrap,
Chris,
chill beats,
kpop,
mix,
Blackout,
country ,
Disney,
CHRISTMASSSSS,
Aux,
best christmas,
Worship ,
broadway,
Vibe,
Say My Name,
car playlist,
Music From Baz Luhrmann's Film The Great Gatsby,
deep,
Tame Impala,
<3,
Running,
mixtape,
rawr,
lit songs ,
upbeat,
Good Day,
AAA,
Line Dances ,
Spanish,
randoms,
Alright,
Feelin' Myself,
RAP,
Covers,
Acoustic,
chill,sit back and chill
bruno mars,
stream,
mix ,
Me Like,
Disney Jams,
family,
Walking on Sunshine,
country,
trap,el espanish trap.
electronic,
The Drive,
Julion alvarez,
studying music,
90s alternative,
Litty ,
oldies but goodies ,
More Songs,
((chris)),
Worship,roasty toasty in the holy ghosty
üá≤üáΩüá≤üáΩüá≤üáΩ,
( Õ°¬∞ Õú ñ Õ°¬∞),
Dance mix,
classic ,
oldies,
NEW,
Chill music ,
karaoke.,
‚ö°Ô∏è‚ö°Ô∏è‚ö°Ô∏è,
Road,
Latin Trap,
Cali,
frenchy,
Thinking,Always thinking...
Cruisin,What I listen to crusing on my motorcycle
throw backs,
2017,
boris,
Meow,
old songs ,
pg,
Breezeblocks,
Favorite Songs,
Classic Rock,
Pregame,
Chill Rock,
High,
Guilty pleasure,
Everyday,
Salsa clasica,
CHRISTMAS,merry chrysler
quiet,
TRIPPIn,
happy,
oldies,
Chill,
Studying,
Classic,
country,
Autumnal ,
Throwbacks ,
Traveling,
spin,
country 2017,
*** good stuff,
LM,
Chill,
sad,
Party time,
mb,
Samba,
tears.,
Go To,
Friday afternoon...,
songs that make me think of you ,
Congratulations,
Party,
Random,
Comedy,
RAVE,
summer 2015,
GET DOWN,
JAZZ,
Hype,
‚ö°Ô∏è,
in my feels,
90's,
Piano Music,
workout mix,
90s hip hop,
Metal,
ashley,
Country,
Sweat.It.Out.,
early 2000's,
Get pumped ,
West Coast Swing,
Rock,
june,
Roadtrip,
Smooth,
1967,
Old School,
New,
WORSHIP,
Phone,
yo,
PT,
car rides,
Music.,
Rent,
Feels,
goldie,
Sad songs,
DIEGO$,
New years,
Driving,
April,
OD,
housewarming,
car,
chill out,
rap mix,
Kickin it,
Chill Out,
90s baby,
Oldies,
Classical,
My favorites,
Hyphy,
Pump up songs,
Beautiful Things,
dance,
my heart,
issa playlist,
Party,
Country,
roma,
Intro,
Dusk,
slow,
BUST A MOVE,
Current jams,
Fallout,
2017,
Punk,
Homework,
000,
Good Times,
new stuff,
It's Christmas Time!,
AA,
Chill Sesh,
SPRANG,
Greatest Hits,
elevator music,sad
YOU,
Reggaeton,
Long Car Rides,
Country favorites,
Chill Out Music,
Good songs,
hip hop,
vibes,
INDY,
90's,
ODESZA,
Good stuff,
CHRISTMAS MUSIC,
Isis,
My baby,
Melting Pot,A little bit of everything
Eminem ,
Zombies,
Mega Chill,
OOOUUU,
songs to sing in the shower,
Narcos,
modern rock,
Wedding Dance Party,
oldies,
regaton ,
tbd,
Instrumental,
Old School ,
joSe :),
üíÉüèΩ,
Feels,
favs rn,
Chill Songs,
feels,
üòªüòª,
Somber,
Sunrise,
Mix Tape,
FNAF,
smooth jams,
Best EDM,
Worship,
hitS,
üò≠üò≠,
music,
Upbeat Songs ,"Intense, high testosterone, ground-breaking, floor vibrating, adrenaline pumping EDM music. :&gt;"
HOOD,
poop,
Tejano,
Cinco De Mayo,Buenos D√≠as Muchachos
Tripping,
New School,
now,
Electronic Music,
2000's ,
Sleep,
mix,
New Music,
halcyon,
Wedding Cocktail Hour,
chill  ,
february '17,
July 2013,
Musica en espa√±ol,
SpRiNg BrEaK,
vibin',
Rock,
vibes,
Tropical,
pregame,
whatever,
Mix Tape,Bumblebee Tuna
Thug,
Winter,
Sleep~,
Country,
Reggae,
Vibin,
older songs,
Crossfit,
Work,
Black,
üíõüíõ,
Summer Party,
chillen,
Country summer,
Top Hits,
cheese,
Country,
Wedding,
14,
NICOLE,
Relaxing Music,
run,
Disney!,
bounce,
Calming Music,
kayla,
Party mix,
wake up,
sound,
sad,
Mya,
rock,
main playlist,
doo wop,
nite,
Main,
üñïüèª,
Wandering,
Current,
Wedding Dance Music,
rap,
Vibin',
dad songs,
2015,
PARTY PLAYLIST,
bomb,
spring '17,
maY!,
Baby Making,
ale,
Sunny Days,
Stuff,
Up,
Happy Happy Happy,
Don't,
Lent,
turn up,
Country,
Songs I Like,
Spring 2015,
classic rock,
70/80,
Oldies,
summer 17,
Wedding Songs,
indie rock ,
Sierre√±o,
study,
Random,
Christmastime,
random songs,
party,
workout,
mine,
take me back,
ROAR,
old,
teenage angst,closeted hypochondriac
Wave,
Mixtape,
80s,
//new,
house,
ol skool,
music,
ROCKüé∏,
Workout,
go-to,
Classic,
Various Artists ‚Äì Majestic Casual - Chapter I,
Grind,
America,
sleep,
rap,
VACATION,
christmas,
Dubstep,
Pop,
Gym,
Mia,
Musica,
Australia Day,
Slay,
II,
Arab,
Take Me Back,
Christmas Time,
feel good,
üòàüòàüòà,
Rock,
Lifting ,
Panda,
Car Party,
discovered,
2000s hits,
Workout,
recommendations !! ,
eclipse,
classical,
Feel Good,
summer 2k17,
cake ,
lean,
Chill,
Say You Won't Let Go,
Deep Thoughts,
Dinner Party,
Clubbin,
For You,
tb,
Blues,
Country Favorites,
Work,
twenty sixteen,
Life ,
Waltz,
uhhhh,
Throwback,
Cinderella,
üòçüòçüòç,
My Musics,
Dark Side,
Club,
december,
chill time,
PARTY ,
three,
Alternativo ,
Partay,
rock songs,
Lulu,
Amy,
Old songs ,
Wedding Cocktail Hour,
ALT,
Drake,
Wedding,
MY FAV,
party,
pop,
winter,
my favorite songs,
yoga,
classic,
Cody,
raw,
Band Music,
Rave,
Throwbacks,
Swing,
CARDIO,
PARTY 1,
throwback,
running,
Wet Dreamz,
roadtrip üöó,
Feels,
dubstep,
Rock en espa√±ol ,
summer country,
Pop,
lit,
Best of 2016,
country,
rap,
2000s r&b,
my songs ,
Not Rap,
fuego,
spanish ,
Best,
will,
Chill,I listen to this at the moment. Try a couple songs from each artist to see how you like them.
Holiday Party,
New ish,
Running,
Mad Men,
EBM,
2000s,
Disney,
Buena Vista Social Club,
Summer 2016,
xmas party,
for you,
Luke,
L O V E ,
Summer Country,
kitchen,
Yeah,
Britney,
ghetto,
HARDCORE WORKOUT,
#mood,
Gospel Mix,
Turnt,
GOOD MUSIC ,
Tangled,
music,
The Mix,Just a big mix of music
Fun,
Elliot,
summer 2016,
Classical favorites,
no,
4th of july,
Sugar,
vibin,
ha,
christmas,
electro,"but actually electric, teenage songs"
00s,
Rage,
New jams,
Main Playlist,
Christmas,
Cruising,
Girl Power,
Summer 2016,
Baes,
ATL,
Soulful  ,
üò¥üò¥,
Country,
Pitch Perfect,
feels,
siesta,
Shape of You,
Country,
Workout,
mellow,
Helene,
Christian music,
Runaway,
work music,
Country,
Good Stuff,
car playlist ,
2K14,
Summer drives,
üí∏üí∏,
Country,
road trip ,
musicals,
Throwback,
ease ~,
Groovy,
WORKOUT,
Easy Listening ,
Cancun,
Star Wars,The best from the movies
 CHiLl,
jan 2015,
feel good,
explicit,
Broadway Baby,
Worship,
pregame,
Hawaii,
Roadtrip,
.jams.,
The Classics,
Heat,
My hits,
Fix You,
I workout!,
Disney,
everything,
boujee,
Country Mix,
bird,
Camp,
rap,
Deb,
christmas,
2016,
nostalgia,
english,
empty,
The Good Stuff,
Local,
chill,
Litüî•üî•,
Indie Stuff,
chill,
 Frozen,
HER,
Gospel,
songs to dance to,
study,
summer 16',
Hungover,
work,
Christmas Favorites,
mood music,
good vibes,
I like these songs,
Cha Cha,
Worship,
PURPLE,
April 2016,
My Heart,
recovery,
space jams,songs that make me want to be better
bored,
Volleyball,
Mixed,
Jammin,
Chidas,
ELECTRONICAS,
new new,
Country,
Working Out,
EDC,
run 2,
Office,
Songs I Love,
SEPTEMBER 2017,
BUMP,
Reception,
Old Rock,
Edward Sharpe & The Magnetic Zeros,
Two,
Good music ,
1980's,
Country,
playlist,
Throwbacks,
Classic Country,
Thuggin,
trending,
Relax,
My High-Intensity Workout,
Sundays,
sunday,
Oldies,
dance yrself clean,
Sleep Music,
DISCOVER,
Lit,
old but good,
Awesome,
Pump up,
BEST SONGS EVER,
old school,
PARTY,
dance,
Alternative,
Rock,
Summer '16,
Pearl Jam,
petrichor,
LITT ,
Rock,
Baby shower,
beautiful,
mine,
John's Playlist,&lt;Insert catchy description here&gt;
rock,
Oldies,
vibin,
Move,
Seduction,
Fire,
halloweenie,
Reception,
Love,
Rock,
Worship,
hayley,
Inspiration,
<3,
Playlist,
2k17,
R&B classics,
Fall 2015,
hoe anthems,
the mix,
summer '17,
nashville,
Christmas songs ,
jamz,
Summer 2016,
stuff,
The Greatest,
#chill,
country,
country ,
Classical,
disney bops,
top down,
Rap Songs,
Chillout ,
Gospel,
MERICA,
Dubstep ,
KILLA,
hey,
mello,
spanish,
death,
Marshall ,
Summer 2014,
Rap it up,
Slow Stuff,
flow,
Maui,
Lit af,
Neo,
summer playlist,
Dancehall,
new,
Gym,
Chill,
nc,
2pac,
Pump up,
Party Playlist,
New Music,
Dancing on my own,
New,
David,
Michelle ,
Bad and Boujee,
R&B,
üåàüåàüåà,
FALL 2013,
old,
Daze,
rap,
Country,
thinking of you,
